"Reference","Qty","Value","DNP","Exclude from BOM","Exclude from Board","Footprint","Datasheet"
"C1","1","10uF (Batt)","","","","Capacitor_SMD:C_0805_2012Metric","~"
"C2","1","3.3nF","","","","Capacitor_SMD:C_0603_1608Metric","~"
"C3","1","47uF (5v)","","","","Capacitor_SMD:C_0805_2012Metric","~"
"C4,C5,C6,C7","4","0.1uF","","","","Capacitor_SMD:C_0603_1608Metric","~"
"C8","1","10uF (5v)","","","","Capacitor_SMD:C_0603_1608Metric","~"
"C9","1","10uF","","","","Capacitor_SMD:C_0603_1608Metric","~"
"C10,C13","2","1uF","","","","Capacitor_SMD:C_0402_1005Metric_Pad0.74x0.62mm_HandSolder","~"
"C11,C12,C14,C15,C16,C17,C18,C23,C24,C25","10","0.1uF","","","","Capacitor_SMD:C_0402_1005Metric_Pad0.74x0.62mm_HandSolder","~"
"C19,C20,C26,C27,C28,C29","6","47uF","","","","Capacitor_SMD:C_0805_2012Metric","~"
"C21,C22","2","15pF","","","","Capacitor_SMD:C_0402_1005Metric_Pad0.74x0.62mm_HandSolder","~"
"C30","1","0.1uF (5v)","","","","Capacitor_SMD:C_0603_1608Metric","~"
"D1,D2,D3","3","QBLP631-R3A","","","","LED_SMD:LED_0805_2012Metric","~"
"H1,H2,H3,H4","4","MountingHole_Pad","","Excluded from BOM","","MountingHole:MountingHole_2.2mm_M2_ISO7380_Pad","~"
"J1","1","USB_B_Micro","","","","Connector_USB:USB_Micro-B_Molex-105017-0001","~"
"J2","1","Micro_SD_Card","","","","Connector_Card:microSD_HC_Molex_47219-2001","https://www.we-online.com/components/products/datasheet/693072010801.pdf"
"J3,J4","2","393570002","","","","0393570002:CONN_393570002_MOL","393570002"
"J5,J7","2","Conn_01x09_Pin","","Excluded from BOM","","Connector_PinHeader_2.54mm:PinHeader_1x09_P2.54mm_Vertical","~"
"J6","1","Conn_01x02_Pin","","Excluded from BOM","","Connector_PinHeader_2.54mm:PinHeader_1x02_P2.54mm_Vertical","~"
"J8","1","Conn_01x04_Pin","","Excluded from BOM","","Connector_PinSocket_1.00mm:PinSocket_1x04_P1.00mm_Vertical","~"
"L1","1","CSHB0421R-1R5M","","","","CSHB0421R_1R5M:IND_CSHB0421R-1R5M",""
"NT1","1","NetTie_2","","Excluded from BOM","","NetTie:NetTie-2_SMD_Pad0.5mm","~"
"Q3,Q4","2","PMV20XNER","","","","PMV20XNER:SOT23-TO-236AB_NEX-L","PMV20XNER"
"R1","1","510k","","","","Resistor_SMD:R_0603_1608Metric","~"
"R2","1","82k","","","","Resistor_SMD:R_0603_1608Metric","~"
"R3,R4,R26,R27","4","4.7k","","","","Resistor_SMD:R_0603_1608Metric","~"
"R5,R6,R18","3","130ohms","","","","Resistor_SMD:R_0603_1608Metric","~"
"R7,R13","2","90k","","","","Resistor_SMD:R_0603_1608Metric","~"
"R8,R14","2","35k","","","","Resistor_SMD:R_0603_1608Metric","~"
"R9,R12","2","10k","","","","Resistor_SMD:R_0603_1608Metric","~"
"R10,R11","2","300","","","","Resistor_SMD:R_0603_1608Metric","~"
"R15,R16","2","27.4","","","","Resistor_SMD:R_0402_1005Metric_Pad0.72x0.64mm_HandSolder","~"
"R17,R19","2","1k","","","","Resistor_SMD:R_0402_1005Metric_Pad0.72x0.64mm_HandSolder","~"
"R21,R22,R24,R25","4","47k","","","","Resistor_SMD:R_0603_1608Metric","~"
"SW1,SW2","2","SW_Omron_B3FS","","","","Button_Switch_SMD:SW_SPST_Omron_B3FS-100xP","https://omronfs.omron.com/en_US/ecb/products/pdf/en-b3fs.pdf"
"TP1,TP2","2","TestPoint","","","","TestPoint:TestPoint_Pad_D1.0mm","~"
"U1","1","RP2040","","","","Package_DFN_QFN:QFN-56-1EP_7x7mm_P0.4mm_EP4x4mm","https://datasheets.raspberrypi.com/rp2040/rp2040-datasheet.pdf"
"U2","1","NCP1117-3.3_SOT223","","","","Package_TO_SOT_SMD:SOT-223-3_TabPin2","http://www.onsemi.com/pub_link/Collateral/NCP1117-D.PDF"
"U3","1","W25Q128JVS","","","","Package_SO:SOIC-8_5.3x5.3mm_P1.27mm","https://www.winbond.com/resource-files/w25q128jv_dtr%20revc%2003272018%20plus.pdf"
"U4","1","TPS621361RGXR","","","","TPS621361RGXR:VREG_TPS621361RGXR",""
"U5","1","BMI088","","","","BMI088:QFN_BMI085_BOS","BMI088"
"U6","1","BMP390","","","","BMP390:10LGA_2X2X0p75_BOS","BMP390"
"U8","1","USBLC6-2SC6","","","","Package_TO_SOT_SMD:SOT-23-6","https://www.st.com/resource/en/datasheet/usblc6-2.pdf"
"X1","1","ABM8-272-T3","","","","ABM8-272-T3:ABM8-272-T3_ABR","ABM8-272-T3"
